+sell,1,Rune platelegs,+sell 1 Rune platelegs,,, , ,,,,,,,,,,,,
+sell,1,Mithril platebody,+sell 1 Mithril platebody,,,,,,,,,,,,,,,,
+sell,3,Adamant platebody,+sell 3 Adamant platebody,,,,,,,,,,,,,,,,
+sell,7,Dragon med helm,+sell 7 Dragon med helm,,,,,,,,,,,,,,,,
+sell,1,Dragon spear,+sell 1 Dragon spear,,,,,,,,,,,,,,,,
+sell,2,Adamant longsword,+sell 2 Adamant longsword,,,,,,,,,,,,,,,,
+sell,1,Rune 2h sword,+sell 1 Rune 2h sword,,,,,,,,,,,,,,,,
+sell,130,Battlestaff,+sell 130 Battlestaff,,,,,,,,,,,,,,,,
+sell,1,Mystic water staff,+sell 1 Mystic water staff,,,,,,,,,,,,,,,,
+sell,75,Magic logs,+sell 75 Magic logs,,,,,,,,,,,,,,,,
+sell,1015,Yew logs,+sell 1015 Yew logs,,,,,,,,,,,,,,,,
+sell,10,Uncut diamond,+sell 10 Uncut diamond,,,,,,,,,,,,,,,,
+sell,21,Uncut ruby,+sell 21 Uncut ruby,,,,,,,,,,,,,,,,
+sell,3,Uncut emerald,+sell 3 Uncut emerald,,,,,,,,,,,,,,,,
+sell,4,Uncut sapphire,+sell 4 Uncut sapphire,,,,,,,,,,,,,,,,
+sell,1,Amulet of strength,+sell 1 Amulet of strength,,,,,,,,,,,,,,,,
+sell,37000,Flax,+sell 37000 Flax,,,,,,,,,,,,,,,,
+sell,19000,Swamp tar,+sell 19000 Swamp tar,,,,,,,,,,,,,,,,
+sell,3500,Grapes,+sell 3500 Grapes,,,,,,,,,,,,,,,,
+sell,500,Adamantite bar,+sell 500 Adamantite bar,,,,,,,,,,,,,,,,
+sell,1,Runite bar,+sell 1 Runite bar,,,,,,,,,,,,,,,,
+sell,30,Grimy lantadyme,+sell 30 Grimy lantadyme,,,,,,,,,,,,,,,,
+sell,1,Black d'hide body,+sell 1 Black d'hide body,,,,,,,,,,,,,,,,
+sell,175,Toadflax,+sell 175 Toadflax,,,,,,,,,,,,,,,,
+sell,70,Snapdragon,+sell 70 Snapdragon,,,,,,,,,,,,,,,,
+sell,3,Super restore(4),+sell 3 Super restore(4),,,,,,,,,,,,,,,,
+sell,6,Super restore(3),+sell 6 Super restore(3),,,,,,,,,,,,,,,,
+sell,25,Grimy toadflax,+sell 25 Grimy toadflax,,,,,,,,,,,,,,,,
+sell,7,Dragon halberd,+sell 7 Dragon halberd,,,,,,,,,,,,,,,,
+sell,1,Zamorak page 4,+sell 1 Zamorak page 4,,,,,,,,,,,,,,,,
+sell,1,Mystic robe bottom,+sell 1 Mystic robe bottom,,,,,,,,,,,,,,,,
+sell,9,Purple sweets,+sell 9 Purple sweets,,,,,,,,,,,,,,,,
+sell,39,Smoke rune,+sell 39 Smoke rune,,,,,,,,,,,,,,,,
+sell,57,Papaya tree seed,+sell 57 Papaya tree seed,,,,,,,,,,,,,,,,
+sell,21,Palm tree seed,+sell 21 Palm tree seed,,,,,,,,,,,,,,,,
+sell,34,Calquat tree seed,+sell 34 Calquat tree seed,,,,,,,,,,,,,,,,
+sell,12,Toadflax seed,+sell 12 Toadflax seed,,,,,,,,,,,,,,,,
+sell,8,Snapdragon seed,+sell 8 Snapdragon seed,,,,,,,,,,,,,,,,
+sell,9,Lantadyme seed,+sell 9 Lantadyme seed,,,,,,,,,,,,,,,,
+sell,13,Dwarf weed seed,+sell 13 Dwarf weed seed,,,,,,,,,,,,,,,,
+sell,11,Torstol seed,+sell 11 Torstol seed,,,,,,,,,,,,,,,,
+sell,3,Yew seed,+sell 3 Yew seed,,,,,,,,,,,,,,,,
+sell,4,Magic seed,+sell 4 Magic seed,,,,,,,,,,,,,,,,
+sell,2,Spirit seed,+sell 2 Spirit seed,,,,,,,,,,,,,,,,
+sell,599,Adamant arrow(p++),+sell 599 Adamant arrow(p++),,,,,,,,,,,,,,,,
+sell,260,Antidote++(4),+sell 260 Antidote++(4),,,,,,,,,,,,,,,,
+sell,240,Coconut,+sell 240 Coconut,,,,,,,,,,,,,,,,
+sell,1750,Snakeskin,+sell 1750 Snakeskin,,,,,,,,,,,,,,,,
+sell,2000,Mahogany logs,+sell 2000 Mahogany logs,,,,,,,,,,,,,,,,
+sell,2,Crushed nest,+sell 2 Crushed nest,,,,,,,,,,,,,,,,
+sell,21,Mushroom potato,+sell 21 Mushroom potato,,,,,,,,,,,,,,,,
+sell,50,Tuna potato,+sell 50 Tuna potato,,,,,,,,,,,,,,,,
+sell,18,Mole claw,+sell 18 Mole claw,,,,,,,,,,,,,,,,
+sell,32,Mole skin,+sell 32 Mole skin,,,,,,,,,,,,,,,,
+sell,42000,Pure essence,+sell 42000 Pure essence,,,,,,,,,,,,,,,,
+sell,77,Oak plank,+sell 77 Oak plank,,,,,,,,,,,,,,,,
+sell,26,Mahogany plank,+sell 26 Mahogany plank,,,,,,,,,,,,,,,,
+sell,270,Runite bolts,+sell 270 Runite bolts,,,,,,,,,,,,,,,,
+sell,264,Dragonstone bolt tips,+sell 264 Dragonstone bolt tips,,,,,,,,,,,,,,,,
+sell,12,Onyx bolt tips,+sell 12 Onyx bolt tips,,,,,,,,,,,,,,,,
+sell,10,Dragonstone bolts (e),+sell 10 Dragonstone bolts (e),,,,,,,,,,,,,,,,
+sell,15,Onyx bolts (e),+sell 15 Onyx bolts (e),,,,,,,,,,,,,,,,
+sell,4,White firelighter,+sell 4 White firelighter,,,,,,,,,,,,,,,,
+sell,8,Dark crab,+sell 8 Dark crab,,,,,,,,,,,,,,,,
+sell,19471,Zulrah's scales,+sell 19471 Zulrah's scales,,,,,,,,,,,,,,,,
+sell,72,Zul-andra teleport,+sell 72 Zul-andra teleport,,,,,,,,,,,,,,,,
+sell,1,Unholy blessing,+sell 1 Unholy blessing,,,,,,,,,,,,,,,,
Torstol: 10,,,,,,,,,,,,,,,,,,,
Manta ray: 70,,,,,,,,,,,,,,,,,,,
Silver ore: 100,,,,,,,,,,,,,,,,,,,
Runite ore: 8,,,,,,,,,,,,,,,,,,,
Dragon bones: 24,,,,,,,,,,,,,,,,,,,
Death rune: 361,,,,,,,,,,,,,,,,,,,
Chaos rune: 1,,,,,,,,,,,,,,,,,,,
Law rune: 470,,,,,,,,,,,,,,,,,,,
Coins: 22,,,,,,,,,,,,,,,,,,,
Rune platelegs: 1,,,,,,,,,,,,,,,,,,,
Dragon med helm: 1,,,,,,,,,,,,,,,,,,,
Battlestaff: 10,,,,,,,,,,,,,,,,,,,
Yew logs: 105,,,,,,,,,,,,,,,,,,,
Dragon necklace: 1,,,,,,,,,,,,,,,,,,,
Flax: 38,,,,,,,,,,,,,,,,,,,
Swamp tar: 1,,,,,,,,,,,,,,,,,,,
Grapes: 500,,,,,,,,,,,,,,,,,,,
Adamantite bar: 20,,,,,,,,,,,,,,,,,,,
Dragon halberd: 2,,,,,,,,,,,,,,,,,,,
Purple sweets: 9,,,,,,,,,,,,,,,,,,,
Palm tree seed: 1,,,,,,,,,,,,,,,,,,,
Toadflax seed: 12,,,,,,,,,,,,,,,,,,,
Spirit seed: 2,,,,,,,,,,,,,,,,,,,
Antidote++(4): 30,,,,,,,,,,,,,,,,,,,
Coconut: 280,,,,,,,,,,,,,,,,,,,
Snakeskin: 70,,,,,,,,,,,,,,,,,,,
Mahogany logs: 150,,,,,,,,,,,,,,,,,,,
Tuna potato: 19,,,,,,,,,,,,,,,,,,,
Pure essence: 1,,,,,,,,,,,,,,,,,,,
Teak plank: 46,,,,,,,,,,,,,,,,,,,
Mahogany plank: 26,,,,,,,,,,,,,,,,,,,
Rune crossbow: 1,,,,,,,,,,,,,,,,,,,
Onyx bolt tips: 11,,,,,,,,,,,,,,,,,,,
Zamorakian spear: 1,,,,,,,,,,,,,,,,,,,
Tanzanite fang: 1,,,,,,,,,,,,,,,,,,,
Serpentine visage: 1,,,,,,,,,,,,,,,,,,,
Zulrah's scales: 4,,,,,,,,,,,,,,,,,,,
Zul-andra teleport: 4,,,,,,,,,,,,,,,,,,,
